id,first_name,last_name,company_name
PBRNHISN,Matthew,Freeman,South East Electronics Group
N71FNS5F,Nicole,Williams,Star Industries
V8GV5IRH,Rivka,Watlington,Star Incorporated
DL0VWR1O,Joan,Lindell,Signal East Agency
TOQQP3JF,Donald,Green,Electronics Organization
A3P79X53,Marie,Fisher,Telecom Inc
VO7NONHO,Tracy,Washington,General Inc
R3NWQPI6,Jason,Friedman,Application Interactive Galaxy Organization
C1YJIFU7,James,Fennessey,Contract Agency
2JB5UWGC,William,Walker,Hill Signal Co
G30367VJ,Erica,Walck,Architecture Incorporated
WTP3GFFP,Glynis,Williams,Net Corporation
5P4X6VOT,Doris,Grove,Interactive Net Group
7U6TXUQY,Anna,House,Power Systems LLC
NKC3BGJX,Yoshiko,Dubiel,Power East Internet Group
95ETZ32I,Gary,Patch,West Studio Group
AOCS2BON,Becky,Groves,Galaxy East Speed Agency
UVZUWFP6,Don,Garske,Data Advanced Technology Industries
83JR6KSN,Jess,Smith,Galaxy Inc
NKNPJ4Q4,Tyrone,Henderson,Power Alpha Software Agency
PWBMPTON,Robert,Maxey,Provider Speed Contract Inc
BSXNQ913,Linda,Dunagan,Network Limited
U8R3JXMI,Arthur,Solomon,Data Graphics Co
40XK63K9,Esther,Gerke,Technology Inc
LMFWSRSN,Alan,Morse,Telecom Advanced Vision Organization
C4TTL7E1,Velma,Conover,Design Provider Solutions LLC
274SBJ4S,David,Shelton,Innovation Incorporated
4TUWK4FJ,Silvia,Greenbaum,Venture LLC
V0TCRXFD,John,Yates,Vision Digital Analysis LLC
NFX7ZRSZ,Janette,Taylor,Frontier Corporation
EVIT8WI6,Albert,Lash,Vision Incorporated
U8RQHHYN,Barry,Thompson,Technology Incorporated
UU4GX1ZW,Richard,Brown,West Telecom Direct Co
0IJWM8EB,Walter,Flies,Universal Innovation Technology Industries
ET7S3Z8A,Lawrence,Maddux,Atlantic Digital Analysis International
QNDHRP1G,Richard,Bicknese,Advanced Electronic International
98F92RX6,Kermit,Schillinger,Design Medicine Technology Agency
KOQLEYU5,Alicia,Hollowell,Hill Inc
SZJ4NB18,Frank,Chavez,Advanced Venture Limited
MZ6BEH93,Joseph,Ryan,Atlantic Architecture Network Inc
6DD8XXIB,Richard,Torres,Universal Alpha Adventure International
WLCUUM8M,Huong,Lade,Bell International
R7L17E25,Rafael,Edwards,Medicine Hill Solutions Industries
VNI8V2ER,Bryan,Boyer,Omega Pacific Design Corporation
O7P93N1S,Jose,Crandell,Solutions Electronic Agency
MMC1YF1K,Eric,Johnson,Net Graphics Organization
BVDKCJCK,Dale,Smith,Studio Consulting Industries
VWTXFS2W,Jessie,Duke,Provider Industries
I3ZRITX7,John,Yancey,Graphics Digital East Agency
QVPEN334,Raymond,Paul,Electronic Vision Agency
